"{'topology-name': 'Hierarchical', 'topologies-per-dim': ['Switch', 'FullyConnected'], 'dimension-type': ['P', 'P'], 'dimensions-count': 2, 'units-count': [5, 5], 'link-latency': [335, 346], 'link-bandwidth': [150.5, 105.2], 'nic-latency': [0, 0], 'router-latency': [4, 4], 'hbm-latency': [428, 94], 'hbm-bandwidth': [270, 190], 'hbm-scale': [0, 1], 'links-count': [1, 7]}","{'scheduling-policy': 'LIFO', 'endpoint-delay': 7, 'active-chunks-per-dimension': 1, 'preferred-dataset-splits': 15, 'boost-mode': 1, 'all-reduce-implementation': 'oneRing', 'all-gather-implementation': 'oneDirect', 'reduce-scatter-implementation': 'oneDirect', 'all-to-all-implementation': 'oneDirect', 'collective-optimization': 'baseline'}",{'value': 'HYBRID_DLRM\n29\nlayer0\t-1\t2427057\tALLTOALL\t1227341\t31578498 ALLREDUCE\t15873504\t13514132\tALLTOALL\t30360232\t4017\nlayer1\t-1\t340356\tALLTOALL\t16263537\t41542930 ALLREDUCE\t43521492\t3781851\tNONE\t0\t4229\nlayer2\t-1\t15640307\tALLREDUCE\t992172\t5651933 ALLREDUCE\t45828693\t25100109\tNONE\t0\t374\nlayer3\t-1\t41044758\tALLTOALL\t55708069\t19285790 ALLREDUCE\t33885379\t19962621\tNONE\t0\t3692\nlayer4\t-1\t35799070\tALLTOALL\t22754379\t28327967 ALLTOALL\t27947963\t39731347\tALLTOALL\t31223682\t3405\nlayer5\t-1\t18648307\tALLTOALL\t15532254\t7025370 NONE\t0\t3774633\tNONE\t0\t2452\nlayer6\t-1\t32177090\tALLTOALL\t48990365\t11763354 NONE\t0\t16326552\tALLREDUCE\t56812885\t1758\nlayer7\t-1\t40032738\tALLREDUCE\t65913600\t31876762 ALLGATHER\t23766025\t10450668\tALLREDUCE\t30310787\t986\nlayer8\t-1\t25364461\tALLREDUCE\t39395855\t34061147 ALLTOALL\t49881978\t18949535\tALLREDUCE\t17167797\t3533\nlayer9\t-1\t4144414\tALLGATHER\t45067165\t6018562 NONE\t0\t10683072\tALLTOALL\t16505805\t1849\nlayer10\t-1\t7575521\tALLTOALL\t34035153\t16874996 ALLREDUCE\t18103893\t1338562\tALLGATHER\t12659186\t3580\nlayer11\t-1\t27986372\tALLTOALL\t22194355\t41161058 ALLREDUCE\t16034899\t11759669\tALLTOALL\t31096444\t4030\nlayer12\t-1\t22490812\tALLTOALL\t56979957\t41399259 NONE\t0\t4180895\tALLGATHER\t68489740\t3345\nlayer13\t-1\t23841297\tALLGATHER\t64757961\t11197136 NONE\t0\t8469176\tNONE\t0\t370\nlayer14\t-1\t8132106\tALLREDUCE\t64578114\t8130802 ALLGATHER\t29372389\t15270912\tALLTOALL\t2190916\t4813\nlayer15\t-1\t36477273\tALLTOALL\t59154336\t37785740 NONE\t0\t35760472\tALLTOALL\t68885993\t3201\nlayer16\t-1\t7012434\tALLTOALL\t64546384\t38973661 ALLREDUCE\t27710125\t6478181\tALLTOALL\t27659529\t4925\nlayer17\t-1\t22222776\tNONE\t0\t17210494 ALLREDUCE\t60580337\t4947712\tALLREDUCE\t5465505\t3784\nlayer18\t-1\t18424388\tALLGATHER\t56149542\t20311207 NONE\t0\t28739\tALLREDUCE\t22444081\t1058\nlayer19\t-1\t38233615\tNONE\t0\t16830710 ALLTOALL\t41967580\t10789394\tALLREDUCE\t56841175\t3048\nlayer20\t-1\t33898151\tALLREDUCE\t9351994\t18625506 NONE\t0\t24876862\tALLTOALL\t56355285\t3179\nlayer21\t-1\t21967912\tNONE\t0\t7271038 ALLREDUCE\t48033222\t19754585\tNONE\t0\t666\nlayer22\t-1\t31679375\tNONE\t0\t37592085 NONE\t0\t26108892\tALLREDUCE\t40865741\t4613\nlayer23\t-1\t9923605\tNONE\t0\t25721691 ALLTOALL\t69037376\t34450389\tNONE\t0\t4373\nlayer24\t-1\t13598855\tNONE\t0\t19879413 ALLTOALL\t4904111\t19956555\tALLTOALL\t66456165\t1295\nlayer25\t-1\t3197618\tALLTOALL\t2205387\t17950077 ALLGATHER\t66559634\t1806452\tALLTOALL\t10799067\t2098\nlayer26\t-1\t38195812\tALLGATHER\t41084221\t14862689 ALLTOALL\t36612251\t29327318\tALLREDUCE\t20475803\t4192\nlayer27\t-1\t18670858\tALLGATHER\t42141735\t27430734 ALLTOALL\t57059001\t41565996\tNONE\t0\t3550\nlayer28\t-1\t23417496\tALLTOALL\t31898729\t39349726 ALLGATHER\t32515199\t29814167\tALLTOALL\t23450877\t3320\n'}
"{'topology-name': 'Hierarchical', 'topologies-per-dim': ['Ring', 'Ring'], 'dimension-type': ['P', 'P'], 'dimensions-count': 2, 'units-count': [4, 8], 'link-latency': [173, 36], 'link-bandwidth': [85.3, 72.9], 'nic-latency': [0, 0], 'router-latency': [7, 2], 'hbm-latency': [216, 341], 'hbm-bandwidth': [327, 244], 'hbm-scale': [0, 1], 'links-count': [2, 2]}","{'scheduling-policy': 'LIFO', 'endpoint-delay': 6, 'active-chunks-per-dimension': 1, 'preferred-dataset-splits': 16, 'boost-mode': 1, 'all-reduce-implementation': 'oneRing', 'all-gather-implementation': 'oneDirect', 'reduce-scatter-implementation': 'ring_ring', 'all-to-all-implementation': 'oneDirect', 'collective-optimization': 'localBWAware'}",{'value': 'HYBRID_DLRM\n19\nlayer0\t-1\t20523133\tALLTOALL\t22466632\t9075623 ALLGATHER\t14555037\t31438203\tALLREDUCE\t53588472\t2166\nlayer1\t-1\t34828591\tALLREDUCE\t63453979\t17288061 ALLGATHER\t33182111\t1181831\tNONE\t0\t1269\nlayer2\t-1\t28507750\tALLREDUCE\t62558798\t32389815 ALLGATHER\t16832878\t33250552\tALLGATHER\t9530461\t4921\nlayer3\t-1\t27205184\tALLGATHER\t56595409\t31688554 ALLGATHER\t6639529\t17709058\tALLTOALL\t24995734\t2613\nlayer4\t-1\t31309361\tALLGATHER\t36308361\t31555947 NONE\t0\t16977534\tALLREDUCE\t5837651\t226\nlayer5\t-1\t3636532\tNONE\t0\t28028842 ALLREDUCE\t28276597\t1937362\tALLGATHER\t40013961\t4700\nlayer6\t-1\t12796784\tALLGATHER\t62823793\t27183216 NONE\t0\t37672293\tNONE\t0\t4986\nlayer7\t-1\t35813318\tALLGATHER\t31496087\t16295203 ALLREDUCE\t68037524\t27095026\tNONE\t0\t1472\nlayer8\t-1\t8094751\tALLREDUCE\t35046322\t22674122 ALLGATHER\t62422311\t18322726\tALLTOALL\t16222320\t2463\nlayer9\t-1\t19900121\tALLTOALL\t34220394\t31218596 ALLTOALL\t58317252\t13921693\tNONE\t0\t2184\nlayer10\t-1\t4127503\tNONE\t0\t34355410 ALLREDUCE\t19398383\t10727773\tALLREDUCE\t43844212\t82\nlayer11\t-1\t19451560\tNONE\t0\t37318101 ALLGATHER\t19195577\t9822197\tALLGATHER\t6575386\t4716\nlayer12\t-1\t26913664\tALLREDUCE\t17848245\t10234124 NONE\t0\t9250463\tALLTOALL\t6424302\t3930\nlayer13\t-1\t22859789\tNONE\t0\t38670791 ALLGATHER\t33875854\t31484851\tALLREDUCE\t61642699\t4380\nlayer14\t-1\t37343751\tALLGATHER\t51018661\t41621201 ALLGATHER\t32541330\t14890026\tALLTOALL\t18511039\t4554\nlayer15\t-1\t39664434\tALLTOALL\t4023444\t30956716 ALLGATHER\t2974885\t30470129\tALLTOALL\t40928844\t2355\nlayer16\t-1\t41418191\tNONE\t0\t21588925 NONE\t0\t2229173\tALLREDUCE\t58526140\t4992\nlayer17\t-1\t11111019\tALLTOALL\t42014853\t20605960 ALLREDUCE\t67528050\t11978637\tALLGATHER\t57461585\t1726\nlayer18\t-1\t14898225\tALLREDUCE\t14052280\t20731079 NONE\t0\t24789629\tNONE\t0\t3989\n'}
"{'topology-name': 'Hierarchical', 'topologies-per-dim': ['Switch', 'FullyConnected'], 'dimension-type': ['P', 'P'], 'dimensions-count': 2, 'units-count': [7, 7], 'link-latency': [344, 84], 'link-bandwidth': [15.5, 138.8], 'nic-latency': [0, 0], 'router-latency': [7, 0], 'hbm-latency': [435, 89], 'hbm-bandwidth': [331, 349], 'hbm-scale': [0, 1], 'links-count': [1, 7]}","{'scheduling-policy': 'LIFO', 'endpoint-delay': 1, 'active-chunks-per-dimension': 1, 'preferred-dataset-splits': 19, 'boost-mode': 0, 'all-reduce-implementation': 'oneRing', 'all-gather-implementation': 'doubleBinaryTree_doubleBinaryTree', 'reduce-scatter-implementation': 'oneDirect', 'all-to-all-implementation': 'direct_direct', 'collective-optimization': 'localBWAware'}",{'value': 'HYBRID_DLRM\n30\nlayer0\t-1\t3551411\tALLGATHER\t66275744\t12218374 NONE\t0\t40316187\tALLREDUCE\t23281153\t1388\nlayer1\t-1\t6106648\tALLREDUCE\t47036640\t40225190 ALLREDUCE\t23778591\t32802\tNONE\t0\t3768\nlayer2\t-1\t24806314\tALLREDUCE\t8526841\t12614940 ALLREDUCE\t11534394\t6009623\tALLREDUCE\t69132313\t505\nlayer3\t-1\t25729060\tALLGATHER\t11561143\t30880516 ALLTOALL\t10400128\t19001233\tALLTOALL\t68959929\t3255\nlayer4\t-1\t10629299\tALLTOALL\t32313818\t39095410 ALLTOALL\t13378663\t27521261\tALLGATHER\t54731842\t1839\nlayer5\t-1\t27714583\tALLGATHER\t49176369\t27070411 ALLREDUCE\t16809513\t26345114\tALLTOALL\t17174915\t3481\nlayer6\t-1\t28213436\tALLTOALL\t30622289\t21968884 ALLTOALL\t8540077\t2388363\tALLTOALL\t335316\t3333\nlayer7\t-1\t24068489\tALLTOALL\t3999792\t6664790 ALLGATHER\t68764687\t34179895\tALLTOALL\t21728803\t3370\nlayer8\t-1\t39151203\tALLTOALL\t6075773\t35164487 NONE\t0\t17254361\tNONE\t0\t2254\nlayer9\t-1\t25824892\tALLGATHER\t26074653\t576021 NONE\t0\t26287387\tALLREDUCE\t36769554\t955\nlayer10\t-1\t33358756\tALLREDUCE\t16691187\t29508524 ALLGATHER\t45340064\t7742292\tALLTOALL\t30626311\t1574\nlayer11\t-1\t14920901\tALLREDUCE\t67195970\t41624780 ALLTOALL\t42755179\t13202219\tALLTOALL\t59847934\t1094\nlayer12\t-1\t37837792\tALLGATHER\t8789514\t17229079 ALLTOALL\t51316448\t27177723\tNONE\t0\t3381\nlayer13\t-1\t32582674\tALLGATHER\t38138513\t24353189 NONE\t0\t5656694\tALLGATHER\t7531985\t2125\nlayer14\t-1\t4838907\tALLREDUCE\t48500110\t25700836 NONE\t0\t12100971\tNONE\t0\t3642\nlayer15\t-1\t12940928\tALLTOALL\t52240651\t23844619 ALLTOALL\t6358323\t37884471\tALLTOALL\t12393278\t1991\nlayer16\t-1\t782327\tALLREDUCE\t37320230\t7373778 NONE\t0\t35948835\tALLTOALL\t50234901\t3946\nlayer17\t-1\t14939824\tALLGATHER\t26933207\t4666795 ALLTOALL\t41376631\t3008655\tALLREDUCE\t47446003\t2997\nlayer18\t-1\t39720847\tNONE\t0\t17302767 ALLREDUCE\t67649830\t4625081\tALLREDUCE\t57814955\t257\nlayer19\t-1\t18916328\tALLGATHER\t1360814\t22293112 ALLTOALL\t62617288\t6185381\tNONE\t0\t3891\nlayer20\t-1\t23728796\tALLREDUCE\t65936633\t40156464 NONE\t0\t18687324\tALLTOALL\t1602769\t1926\nlayer21\t-1\t4522310\tALLGATHER\t10951532\t16406886 NONE\t0\t31066583\tNONE\t0\t621\nlayer22\t-1\t30984846\tALLGATHER\t30159318\t10392168 ALLTOALL\t37938076\t28608430\tNONE\t0\t1459\nlayer23\t-1\t15830278\tALLGATHER\t29932942\t37383400 ALLREDUCE\t16103711\t34517682\tALLTOALL\t37945608\t1401\nlayer24\t-1\t17612476\tALLTOALL\t51862023\t39003875 ALLGATHER\t20823862\t9598262\tNONE\t0\t3555\nlayer25\t-1\t7646443\tALLTOALL\t3552291\t3697382 NONE\t0\t20048420\tALLTOALL\t25310157\t1287\nlayer26\t-1\t22609466\tALLTOALL\t17358479\t36709850 NONE\t0\t39491563\tNONE\t0\t1602\nlayer27\t-1\t363725\tALLGATHER\t59590139\t8953933 ALLREDUCE\t48154984\t23345145\tNONE\t0\t3623\nlayer28\t-1\t5043161\tALLTOALL\t18631464\t6929586 NONE\t0\t23768473\tALLTOALL\t12739019\t4127\nlayer29\t-1\t29203166\tALLTOALL\t50103102\t11578816 NONE\t0\t12190979\tNONE\t0\t3721\n'}
"{'topology-name': 'Hierarchical', 'topologies-per-dim': ['FullyConnected', 'Ring'], 'dimension-type': ['N', 'N'], 'dimensions-count': 2, 'units-count': [7, 8], 'link-latency': [270, 345], 'link-bandwidth': [92.7, 39.7], 'nic-latency': [0, 0], 'router-latency': [6, 6], 'hbm-latency': [394, 436], 'hbm-bandwidth': [268, 475], 'hbm-scale': [1, 0], 'links-count': [7, 2]}","{'scheduling-policy': 'FIFO', 'endpoint-delay': 1, 'active-chunks-per-dimension': 1, 'preferred-dataset-splits': 9, 'boost-mode': 0, 'all-reduce-implementation': 'oneRing', 'all-gather-implementation': 'oneRing', 'reduce-scatter-implementation': 'ring_ring', 'all-to-all-implementation': 'oneDirect', 'collective-optimization': 'baseline'}",{'value': 'HYBRID_TRANSFORMER\n31\nlayer0\t-1\t4444548\tNONE\t0\t40655139 ALLREDUCE\t13014011\t16421161\tALLGATHER\t24306909\t106\nlayer1\t-1\t12358840\tALLTOALL\t14799664\t14847917 NONE\t0\t33052699\tALLREDUCE\t27900129\t2281\nlayer2\t-1\t18722346\tNONE\t0\t34229445 ALLGATHER\t58035002\t21908584\tNONE\t0\t4369\nlayer3\t-1\t20933152\tALLREDUCE\t51488328\t6922146 ALLREDUCE\t1497436\t31672444\tALLTOALL\t10390137\t356\nlayer4\t-1\t21842876\tALLREDUCE\t12595771\t688896 ALLGATHER\t23867641\t27766102\tALLREDUCE\t20983758\t2194\nlayer5\t-1\t34666912\tALLGATHER\t8321219\t22845317 ALLTOALL\t53039535\t26605455\tALLTOALL\t30344506\t1170\nlayer6\t-1\t27872612\tALLREDUCE\t40009450\t18916721 NONE\t0\t23777133\tALLGATHER\t52994735\t4518\nlayer7\t-1\t8827818\tNONE\t0\t15304608 ALLGATHER\t55319855\t6810250\tALLGATHER\t51057459\t1306\nlayer8\t-1\t4124440\tALLGATHER\t37701053\t23457887 ALLGATHER\t47707735\t36408882\tALLGATHER\t51809354\t1640\nlayer9\t-1\t24736199\tALLGATHER\t8706374\t24059086 ALLTOALL\t48796896\t10848958\tALLTOALL\t26328870\t470\nlayer10\t-1\t10803194\tNONE\t0\t11825995 ALLTOALL\t3758395\t11047953\tALLREDUCE\t61657132\t1622\nlayer11\t-1\t12478239\tALLGATHER\t39296536\t33175879 ALLGATHER\t66169459\t30094022\tNONE\t0\t4091\nlayer12\t-1\t7891100\tALLTOALL\t11629486\t30657379 ALLREDUCE\t29539656\t33253462\tNONE\t0\t1430\nlayer13\t-1\t25529542\tALLTOALL\t3162981\t10656716 ALLTOALL\t56241883\t294467\tALLGATHER\t24400193\t445\nlayer14\t-1\t32255016\tALLTOALL\t34488687\t32487158 NONE\t0\t6222719\tNONE\t0\t308\nlayer15\t-1\t41073923\tALLREDUCE\t805210\t5044545 NONE\t0\t37434317\tNONE\t0\t822\nlayer16\t-1\t19020496\tALLREDUCE\t40129360\t6318464 NONE\t0\t35153545\tALLGATHER\t63442673\t4068\nlayer17\t-1\t24425147\tALLGATHER\t12693616\t41487524 ALLREDUCE\t59071780\t1798305\tNONE\t0\t4697\nlayer18\t-1\t37591263\tNONE\t0\t15020776 NONE\t0\t31535600\tALLREDUCE\t65640774\t4679\nlayer19\t-1\t13240315\tALLREDUCE\t38769032\t13533069 ALLGATHER\t51763779\t29165755\tNONE\t0\t4381\nlayer20\t-1\t30672890\tNONE\t0\t3186050 ALLREDUCE\t40134818\t2055273\tALLGATHER\t59589506\t1880\nlayer21\t-1\t30940446\tNONE\t0\t39815914 ALLGATHER\t49332771\t10807045\tALLGATHER\t30827051\t472\nlayer22\t-1\t21809110\tALLGATHER\t13676691\t4395246 NONE\t0\t19069314\tNONE\t0\t3098\nlayer23\t-1\t28316285\tNONE\t0\t16186440 NONE\t0\t25396722\tNONE\t0\t3565\nlayer24\t-1\t40576815\tNONE\t0\t18985026 ALLTOALL\t47299416\t33636856\tALLTOALL\t19858272\t780\nlayer25\t-1\t9020246\tALLTOALL\t41350018\t29169499 ALLGATHER\t6729652\t19169048\tALLGATHER\t36475861\t1221\nlayer26\t-1\t21861221\tALLGATHER\t42348121\t6087244 ALLGATHER\t36540256\t12448788\tALLGATHER\t18806956\t3791\nlayer27\t-1\t33674909\tALLGATHER\t67009959\t20623201 ALLGATHER\t47458227\t38974855\tALLGATHER\t68340799\t2988\nlayer28\t-1\t13422809\tALLGATHER\t36680771\t4298471 ALLTOALL\t64006678\t27511290\tALLREDUCE\t47804805\t1887\nlayer29\t-1\t34344696\tNONE\t0\t1334487 ALLREDUCE\t46627957\t9189599\tALLGATHER\t59025233\t1172\nlayer30\t-1\t25516204\tNONE\t0\t16333591 ALLREDUCE\t18201815\t19858841\tALLREDUCE\t37079980\t2161\n'}
"{'topology-name': 'Hierarchical', 'topologies-per-dim': ['Ring', 'Switch', 'Switch'], 'dimension-type': ['P', 'P', 'P'], 'dimensions-count': 3, 'units-count': [7, 4, 4], 'link-latency': [454, 439, 81], 'link-bandwidth': [36.6, 83.7, 153.4], 'nic-latency': [0, 0, 0], 'router-latency': [4, 2, 3], 'hbm-latency': [89, 261, 137], 'hbm-bandwidth': [196, 2, 209], 'hbm-scale': [1, 0, 1], 'links-count': [2, 1, 1]}","{'scheduling-policy': 'FIFO', 'endpoint-delay': 5, 'active-chunks-per-dimension': 1, 'preferred-dataset-splits': 8, 'boost-mode': 1, 'all-reduce-implementation': 'direct_direct_direct', 'all-gather-implementation': 'doubleBinaryTree_doubleBinaryTree_doubleBinaryTree', 'reduce-scatter-implementation': 'direct_direct_direct', 'all-to-all-implementation': 'ring_ring_ring', 'collective-optimization': 'baseline'}",{'value': 'DATA\n8\nlayer0\t-1\t28002046\tNONE\t0\t16718711 ALLGATHER\t18536074\t40025421\tALLREDUCE\t2440949\t2113\nlayer1\t-1\t6979099\tALLGATHER\t10651622\t20280755 NONE\t0\t580182\tALLGATHER\t28239418\t1119\nlayer2\t-1\t23483270\tALLGATHER\t3058205\t23058719 ALLGATHER\t5743210\t28750172\tALLGATHER\t29194732\t1273\nlayer3\t-1\t9012296\tALLTOALL\t54498938\t31994638 ALLGATHER\t42989545\t38176143\tNONE\t0\t46\nlayer4\t-1\t12215314\tALLREDUCE\t11163481\t22385749 ALLGATHER\t44645418\t36948254\tALLTOALL\t43441209\t3366\nlayer5\t-1\t3944112\tALLGATHER\t33932364\t591831 ALLGATHER\t51957048\t39737790\tALLTOALL\t68923173\t1064\nlayer6\t-1\t35070238\tALLTOALL\t1992595\t6034273 ALLGATHER\t34654949\t4916436\tALLREDUCE\t55154539\t45\nlayer7\t-1\t13113222\tALLGATHER\t68047079\t17455257 NONE\t0\t24825061\tALLTOALL\t11324751\t4430\n'}
"{'topology-name': 'Hierarchical', 'topologies-per-dim': ['FullyConnected', 'Switch', 'FullyConnected'], 'dimension-type': ['P', 'P', 'P'], 'dimensions-count': 3, 'units-count': [8, 2, 4], 'link-latency': [122, 271, 410], 'link-bandwidth': [161.1, 163.6, 18.2], 'nic-latency': [0, 0, 0], 'router-latency': [6, 5, 4], 'hbm-latency': [286, 453, 287], 'hbm-bandwidth': [328, 441, 299], 'hbm-scale': [1, 0, 1], 'links-count': [7, 1, 7]}","{'scheduling-policy': 'FIFO', 'endpoint-delay': 5, 'active-chunks-per-dimension': 1, 'preferred-dataset-splits': 31, 'boost-mode': 1, 'all-reduce-implementation': 'doubleBinaryTree_doubleBinaryTree_doubleBinaryTree', 'all-gather-implementation': 'doubleBinaryTree_doubleBinaryTree_doubleBinaryTree', 'reduce-scatter-implementation': 'oneDirect', 'all-to-all-implementation': 'direct_direct_direct', 'collective-optimization': 'baseline'}",{'value': 'HYBRID_TRANSFORMER\n35\nlayer0\t-1\t951768\tALLGATHER\t35692260\t15414185 ALLGATHER\t48937943\t29512790\tALLTOALL\t63196762\t3901\nlayer1\t-1\t29650912\tALLREDUCE\t67158924\t37791710 ALLGATHER\t10330415\t22635105\tNONE\t0\t2562\nlayer2\t-1\t5060577\tALLGATHER\t58139047\t14888344 ALLGATHER\t29833072\t5730914\tALLTOALL\t11826729\t4575\nlayer3\t-1\t33380276\tALLTOALL\t56909579\t9772238 NONE\t0\t25416059\tALLREDUCE\t8385866\t4229\nlayer4\t-1\t23524864\tALLGATHER\t63617445\t8129360 ALLTOALL\t33524370\t29200930\tALLREDUCE\t57868149\t4586\nlayer5\t-1\t31053766\tNONE\t0\t19883522 ALLTOALL\t6033047\t36847845\tALLREDUCE\t28691472\t2177\nlayer6\t-1\t559425\tALLREDUCE\t47388062\t17851319 ALLGATHER\t34953845\t7104964\tALLGATHER\t47064245\t668\nlayer7\t-1\t6990357\tNONE\t0\t90776 ALLREDUCE\t12181030\t1429699\tALLREDUCE\t58788474\t3762\nlayer8\t-1\t6213146\tALLREDUCE\t30352127\t27436080 ALLGATHER\t11465466\t5110996\tALLGATHER\t19252571\t1161\nlayer9\t-1\t4682365\tALLREDUCE\t11996478\t39577653 NONE\t0\t14064169\tALLREDUCE\t17227079\t3289\nlayer10\t-1\t38419475\tALLTOALL\t9253502\t38015016 NONE\t0\t22085677\tALLTOALL\t38521597\t4417\nlayer11\t-1\t38993110\tALLGATHER\t34357704\t4614039 ALLGATHER\t1362386\t28970709\tALLREDUCE\t33709583\t4891\nlayer12\t-1\t32630573\tALLREDUCE\t25116306\t4824863 ALLREDUCE\t4763739\t17127753\tALLTOALL\t20176060\t410\nlayer13\t-1\t22452879\tALLGATHER\t60243648\t7489980 ALLGATHER\t55738243\t31758778\tALLTOALL\t44362509\t4036\nlayer14\t-1\t1452456\tALLGATHER\t18857324\t26656323 ALLREDUCE\t27942492\t21962123\tALLTOALL\t7263622\t74\nlayer15\t-1\t20974023\tALLGATHER\t61642314\t37654638 ALLREDUCE\t66226969\t39397638\tNONE\t0\t2181\nlayer16\t-1\t6995005\tALLGATHER\t62167364\t4081093 ALLGATHER\t21485550\t8823268\tALLGATHER\t15308482\t2286\nlayer17\t-1\t24032354\tALLGATHER\t1757728\t41691573 ALLTOALL\t31618407\t11965423\tALLREDUCE\t41195556\t3059\nlayer18\t-1\t9199201\tALLGATHER\t50682963\t13833205 ALLREDUCE\t48827051\t23147487\tALLGATHER\t46889233\t4828\nlayer19\t-1\t5514367\tALLREDUCE\t14428701\t18426896 ALLREDUCE\t21634083\t1272623\tALLTOALL\t50720834\t3392\nlayer20\t-1\t30082982\tALLGATHER\t23457571\t35331188 ALLGATHER\t63000808\t18720232\tALLGATHER\t46528696\t2174\nlayer21\t-1\t7209913\tALLREDUCE\t27480240\t28524369 ALLGATHER\t39917002\t22222205\tALLTOALL\t40822894\t3757\nlayer22\t-1\t26071331\tNONE\t0\t8866641 ALLGATHER\t7785500\t26129493\tNONE\t0\t4333\nlayer23\t-1\t25831971\tALLTOALL\t35652945\t29392879 ALLREDUCE\t28759465\t34793576\tALLREDUCE\t47426313\t422\nlayer24\t-1\t32566873\tNONE\t0\t17918865 ALLTOALL\t44655528\t37194338\tALLTOALL\t63786206\t411\nlayer25\t-1\t12795549\tALLREDUCE\t24275140\t24522050 ALLREDUCE\t10399198\t32271923\tALLGATHER\t43066701\t4886\nlayer26\t-1\t20420719\tALLGATHER\t67228503\t13142566 ALLREDUCE\t46295732\t27876403\tNONE\t0\t2196\nlayer27\t-1\t23303453\tNONE\t0\t24529153 ALLREDUCE\t36596783\t9555788\tALLTOALL\t16357544\t586\nlayer28\t-1\t41562270\tALLTOALL\t16341058\t38868312 ALLGATHER\t57840578\t10165413\tALLREDUCE\t11640748\t2258\nlayer29\t-1\t1727901\tALLGATHER\t26860310\t6559845 ALLGATHER\t56705330\t35123540\tALLREDUCE\t25204037\t1728\nlayer30\t-1\t41890922\tALLTOALL\t15317098\t32535966 NONE\t0\t18082220\tALLTOALL\t22214000\t4528\nlayer31\t-1\t15641728\tALLTOALL\t12023664\t37962456 NONE\t0\t8071843\tNONE\t0\t61\nlayer32\t-1\t15720616\tALLREDUCE\t50730905\t32617867 NONE\t0\t22567083\tNONE\t0\t1342\nlayer33\t-1\t18834052\tALLREDUCE\t65390860\t23490019 ALLTOALL\t36620645\t17028821\tALLTOALL\t16796777\t4805\nlayer34\t-1\t32641207\tALLTOALL\t46829471\t11868428 ALLTOALL\t61271343\t28230439\tNONE\t0\t1417\n'}
"{'topology-name': 'Hierarchical', 'topologies-per-dim': ['Ring', 'FullyConnected'], 'dimension-type': ['P', 'P'], 'dimensions-count': 2, 'units-count': [2, 7], 'link-latency': [265, 483], 'link-bandwidth': [168.7, 55.8], 'nic-latency': [0, 0], 'router-latency': [8, 4], 'hbm-latency': [289, 74], 'hbm-bandwidth': [250, 291], 'hbm-scale': [1, 0], 'links-count': [2, 7]}","{'scheduling-policy': 'FIFO', 'endpoint-delay': 3, 'active-chunks-per-dimension': 1, 'preferred-dataset-splits': 18, 'boost-mode': 0, 'all-reduce-implementation': 'ring_ring', 'all-gather-implementation': 'ring_ring', 'reduce-scatter-implementation': 'oneRing', 'all-to-all-implementation': 'direct_direct', 'collective-optimization': 'localBWAware'}",{'value': 'MICRO\n1\nlayer0\t-1\t5\tNONE\t0\t5\tNONE\t0\t5\tALLTOALL\t62759398\t1629\n'}
"{'topology-name': 'Hierarchical', 'topologies-per-dim': ['FullyConnected', 'FullyConnected'], 'dimension-type': ['N', 'N'], 'dimensions-count': 2, 'units-count': [5, 2], 'link-latency': [385, 466], 'link-bandwidth': [45.7, 116.1], 'nic-latency': [0, 0], 'router-latency': [6, 10], 'hbm-latency': [18, 234], 'hbm-bandwidth': [337, 112], 'hbm-scale': [0, 1], 'links-count': [7, 7]}","{'scheduling-policy': 'FIFO', 'endpoint-delay': 4, 'active-chunks-per-dimension': 1, 'preferred-dataset-splits': 2, 'boost-mode': 0, 'all-reduce-implementation': 'ring_ring', 'all-gather-implementation': 'oneRing', 'reduce-scatter-implementation': 'oneDirect', 'all-to-all-implementation': 'direct_direct', 'collective-optimization': 'localBWAware'}",{'value': 'DATA\n7\nlayer0\t-1\t31292191\tALLREDUCE\t49858932\t8419321 ALLREDUCE\t59261972\t6242331\tNONE\t0\t1795\nlayer1\t-1\t37329830\tALLTOALL\t48064272\t27169758 NONE\t0\t19115014\tNONE\t0\t466\nlayer2\t-1\t15952410\tALLTOALL\t28415143\t31978592 ALLTOALL\t21043966\t28527238\tNONE\t0\t1952\nlayer3\t-1\t6690433\tALLTOALL\t64198048\t21925448 NONE\t0\t34167155\tALLGATHER\t40379648\t3941\nlayer4\t-1\t9624790\tALLREDUCE\t51413144\t32406106 ALLREDUCE\t69176310\t23617030\tALLGATHER\t35791658\t3166\nlayer5\t-1\t21228765\tALLTOALL\t548000\t38276044 ALLGATHER\t50944898\t9500383\tALLREDUCE\t44204773\t3290\nlayer6\t-1\t29480646\tALLREDUCE\t2278904\t37205673 NONE\t0\t19034488\tALLGATHER\t38454605\t4787\n'}
"{'topology-name': 'Hierarchical', 'topologies-per-dim': ['Ring', 'FullyConnected'], 'dimension-type': ['P', 'P'], 'dimensions-count': 2, 'units-count': [6, 7], 'link-latency': [350, 57], 'link-bandwidth': [196.6, 235.2], 'nic-latency': [0, 0], 'router-latency': [7, 5], 'hbm-latency': [355, 426], 'hbm-bandwidth': [374, 131], 'hbm-scale': [1, 0], 'links-count': [2, 7]}","{'scheduling-policy': 'LIFO', 'endpoint-delay': 3, 'active-chunks-per-dimension': 1, 'preferred-dataset-splits': 22, 'boost-mode': 0, 'all-reduce-implementation': 'oneRing', 'all-gather-implementation': 'direct_direct', 'reduce-scatter-implementation': 'oneRing', 'all-to-all-implementation': 'direct_direct', 'collective-optimization': 'baseline'}",{'value': 'HYBRID_DLRM\n43\nlayer0\t-1\t18479151\tNONE\t0\t8079299 ALLGATHER\t60486219\t5951105\tALLTOALL\t14861186\t1381\nlayer1\t-1\t40114487\tALLREDUCE\t45797080\t36900333 ALLREDUCE\t18486021\t1525971\tALLTOALL\t14735460\t419\nlayer2\t-1\t17717872\tALLREDUCE\t26757754\t6948033 NONE\t0\t27906765\tNONE\t0\t2105\nlayer3\t-1\t8173708\tALLGATHER\t11932320\t36503714 ALLREDUCE\t66880339\t38625538\tNONE\t0\t671\nlayer4\t-1\t18379121\tALLREDUCE\t2188251\t22191234 ALLGATHER\t64915303\t32747749\tALLREDUCE\t16069640\t2463\nlayer5\t-1\t9063925\tALLTOALL\t52627667\t17704614 ALLGATHER\t45523108\t2115823\tALLREDUCE\t67561919\t3635\nlayer6\t-1\t27922057\tALLREDUCE\t2712621\t38712350 NONE\t0\t25699133\tALLREDUCE\t57884299\t4534\nlayer7\t-1\t38417617\tALLGATHER\t6400124\t17681328 ALLTOALL\t22341365\t40758081\tALLREDUCE\t67177734\t2051\nlayer8\t-1\t6123421\tALLTOALL\t52221845\t23697783 ALLREDUCE\t40872682\t21721748\tALLGATHER\t55928531\t340\nlayer9\t-1\t36291890\tALLREDUCE\t17249314\t18045983 ALLREDUCE\t65310534\t35303376\tALLGATHER\t43207732\t3413\nlayer10\t-1\t32852426\tALLTOALL\t16706672\t10660474 ALLREDUCE\t45099247\t13947858\tNONE\t0\t2861\nlayer11\t-1\t9018399\tALLREDUCE\t39990632\t12256663 NONE\t0\t12682471\tALLGATHER\t60584828\t820\nlayer12\t-1\t10852102\tALLTOALL\t21376861\t20795325 NONE\t0\t15203234\tALLTOALL\t41833503\t1092\nlayer13\t-1\t36116333\tALLTOALL\t41815092\t34961437 NONE\t0\t27544079\tNONE\t0\t2725\nlayer14\t-1\t27466382\tNONE\t0\t8048166 ALLTOALL\t21650686\t22862497\tALLGATHER\t55758750\t4328\nlayer15\t-1\t7669478\tALLREDUCE\t5627260\t22223493 ALLGATHER\t43172389\t33797327\tALLREDUCE\t62735664\t3102\nlayer16\t-1\t761541\tALLREDUCE\t50838737\t24411870 ALLTOALL\t33524459\t11718995\tALLTOALL\t11365578\t1541\nlayer17\t-1\t1124584\tALLGATHER\t53386822\t3831052 ALLTOALL\t20724138\t29558598\tALLGATHER\t64128615\t4366\nlayer18\t-1\t38760140\tNONE\t0\t17269512 ALLTOALL\t48842944\t17896552\tALLTOALL\t31459688\t3532\nlayer19\t-1\t12856465\tNONE\t0\t10907002 NONE\t0\t14103906\tALLGATHER\t26642327\t1814\nlayer20\t-1\t15134189\tALLREDUCE\t42898763\t21992764 NONE\t0\t21615616\tALLTOALL\t28005670\t3729\nlayer21\t-1\t37271485\tALLGATHER\t11613621\t16490403 ALLREDUCE\t18273588\t8750035\tNONE\t0\t4250\nlayer22\t-1\t38117604\tNONE\t0\t31792417 ALLGATHER\t44988689\t7551465\tALLGATHER\t31538141\t4758\nlayer23\t-1\t38736839\tALLTOALL\t26675815\t6066540 NONE\t0\t1163250\tALLGATHER\t3344409\t2596\nlayer24\t-1\t28843062\tALLGATHER\t66704681\t3027864 ALLREDUCE\t49407432\t13035459\tALLTOALL\t35284284\t3333\nlayer25\t-1\t14292884\tALLGATHER\t20873645\t31421883 ALLTOALL\t57800686\t18620955\tALLREDUCE\t25809661\t760\nlayer26\t-1\t4480266\tNONE\t0\t14372987 ALLTOALL\t22688771\t6639215\tALLTOALL\t67783257\t2621\nlayer27\t-1\t33775608\tALLREDUCE\t37551355\t41381791 NONE\t0\t28914646\tNONE\t0\t40\nlayer28\t-1\t26031726\tALLREDUCE\t19944150\t25993393 ALLTOALL\t7028439\t16223992\tNONE\t0\t415\nlayer29\t-1\t12202277\tALLGATHER\t49492329\t39933548 ALLGATHER\t34043659\t31291708\tALLREDUCE\t1654105\t3670\nlayer30\t-1\t8424060\tALLREDUCE\t583768\t15418436 NONE\t0\t32064502\tALLREDUCE\t8336461\t3038\nlayer31\t-1\t16507805\tALLTOALL\t55129828\t33690625 ALLREDUCE\t13434733\t21545903\tNONE\t0\t4888\nlayer32\t-1\t10253958\tALLGATHER\t19136927\t2907695 NONE\t0\t18807281\tALLTOALL\t15717131\t721\nlayer33\t-1\t878307\tALLGATHER\t40922190\t31522433 ALLREDUCE\t8447914\t2753862\tALLTOALL\t6542044\t778\nlayer34\t-1\t40003102\tALLGATHER\t59534571\t5943705 NONE\t0\t10141698\tALLREDUCE\t17109098\t4579\nlayer35\t-1\t9638490\tALLREDUCE\t40838980\t30011785 ALLREDUCE\t45173495\t15467395\tNONE\t0\t3898\nlayer36\t-1\t3113912\tALLTOALL\t35682845\t2710405 ALLGATHER\t20499025\t11965964\tNONE\t0\t4927\nlayer37\t-1\t12586230\tNONE\t0\t34416306 ALLTOALL\t58295395\t5364124\tALLGATHER\t61682330\t3689\nlayer38\t-1\t31407045\tALLGATHER\t15489848\t1097683 ALLGATHER\t34569178\t11865662\tALLGATHER\t54447657\t3949\nlayer39\t-1\t30205950\tNONE\t0\t18274624 NONE\t0\t3043189\tALLREDUCE\t58155489\t4798\nlayer40\t-1\t4578743\tALLTOALL\t59531355\t31698123 ALLTOALL\t36094037\t33191581\tALLREDUCE\t17356940\t2854\nlayer41\t-1\t3596680\tNONE\t0\t11438407 ALLTOALL\t68617646\t15489690\tALLGATHER\t67582495\t652\nlayer42\t-1\t520170\tNONE\t0\t12741183 ALLTOALL\t47266092\t32002940\tALLREDUCE\t40171985\t2059\n'}
"{'topology-name': 'Hierarchical', 'topologies-per-dim': ['FullyConnected', 'FullyConnected'], 'dimension-type': ['N', 'N'], 'dimensions-count': 2, 'units-count': [3, 3], 'link-latency': [223, 350], 'link-bandwidth': [97.4, 50.6], 'nic-latency': [0, 0], 'router-latency': [3, 4], 'hbm-latency': [253, 414], 'hbm-bandwidth': [345, 418], 'hbm-scale': [0, 1], 'links-count': [7, 7]}","{'scheduling-policy': 'FIFO', 'endpoint-delay': 2, 'active-chunks-per-dimension': 1, 'preferred-dataset-splits': 3, 'boost-mode': 1, 'all-reduce-implementation': 'oneDirect', 'all-gather-implementation': 'oneDirect', 'reduce-scatter-implementation': 'direct_direct', 'all-to-all-implementation': 'oneRing', 'collective-optimization': 'localBWAware'}",{'value': 'DATA\n34\nlayer0\t-1\t28820067\tALLGATHER\t19541640\t10956185 ALLGATHER\t21643500\t26933970\tALLREDUCE\t37489884\t590\nlayer1\t-1\t21432290\tALLREDUCE\t49634547\t8556058 ALLTOALL\t51286715\t39960400\tALLTOALL\t11923471\t584\nlayer2\t-1\t26303944\tALLGATHER\t8977091\t17751987 ALLTOALL\t39243002\t12113356\tALLTOALL\t11057363\t3517\nlayer3\t-1\t29813030\tNONE\t0\t34249251 ALLREDUCE\t22478731\t36666867\tALLTOALL\t26744575\t2438\nlayer4\t-1\t9600788\tALLREDUCE\t69534963\t37866564 NONE\t0\t1019590\tALLGATHER\t3669669\t1170\nlayer5\t-1\t7773390\tALLGATHER\t16423848\t27025288 ALLTOALL\t10603283\t35658466\tALLTOALL\t10926313\t2605\nlayer6\t-1\t9704756\tALLGATHER\t48176099\t10031645 ALLREDUCE\t38972597\t13839757\tALLREDUCE\t52628750\t3537\nlayer7\t-1\t20315100\tALLTOALL\t33046252\t15679564 ALLGATHER\t69518621\t2596264\tALLREDUCE\t3967651\t3458\nlayer8\t-1\t11696046\tNONE\t0\t34242546 ALLTOALL\t31130982\t7525507\tALLGATHER\t40076298\t2107\nlayer9\t-1\t3740407\tALLREDUCE\t43450923\t6998506 ALLGATHER\t12858885\t36779050\tALLREDUCE\t10137967\t1094\nlayer10\t-1\t29202248\tALLGATHER\t33306490\t35779494 ALLGATHER\t61330644\t17617945\tALLTOALL\t12579180\t637\nlayer11\t-1\t24717484\tNONE\t0\t20739680 ALLREDUCE\t7737503\t26739931\tNONE\t0\t4091\nlayer12\t-1\t315281\tNONE\t0\t15791033 ALLGATHER\t12670200\t7900100\tNONE\t0\t2547\nlayer13\t-1\t19503730\tALLTOALL\t32588918\t13856757 ALLGATHER\t51818671\t32927006\tNONE\t0\t3860\nlayer14\t-1\t31845968\tALLTOALL\t32130753\t19327673 ALLREDUCE\t31862957\t8500298\tALLGATHER\t29001095\t2962\nlayer15\t-1\t23229082\tALLGATHER\t62239237\t4980385 ALLGATHER\t40677598\t6655008\tALLGATHER\t59012904\t3828\nlayer16\t-1\t31956258\tALLTOALL\t48703284\t36155453 ALLTOALL\t30225512\t11910576\tNONE\t0\t1879\nlayer17\t-1\t604764\tALLTOALL\t65825237\t19669978 ALLGATHER\t42487241\t23908171\tNONE\t0\t1979\nlayer18\t-1\t18903724\tALLREDUCE\t42785770\t5905108 ALLGATHER\t20545159\t17014892\tALLGATHER\t42823467\t917\nlayer19\t-1\t35689542\tNONE\t0\t18210610 ALLREDUCE\t56658321\t21832538\tALLREDUCE\t60880552\t4227\nlayer20\t-1\t24425220\tALLGATHER\t15027532\t36904037 NONE\t0\t24899859\tALLGATHER\t1893983\t3280\nlayer21\t-1\t34623803\tALLGATHER\t54284426\t16392861 ALLGATHER\t16642277\t37948064\tALLGATHER\t9354798\t1432\nlayer22\t-1\t40573145\tALLREDUCE\t21612581\t4123313 ALLREDUCE\t64600661\t39891249\tALLTOALL\t55428502\t3051\nlayer23\t-1\t9831799\tNONE\t0\t2503400 ALLGATHER\t55467768\t25777039\tALLREDUCE\t7218440\t2521\nlayer24\t-1\t25341451\tALLREDUCE\t67356303\t3978455 NONE\t0\t2762304\tALLTOALL\t21564220\t334\nlayer25\t-1\t247034\tALLGATHER\t40306336\t37915760 ALLGATHER\t13084926\t23555676\tALLGATHER\t42258614\t4361\nlayer26\t-1\t32354296\tALLTOALL\t67540511\t21754646 ALLTOALL\t16689493\t29628845\tNONE\t0\t2331\nlayer27\t-1\t3503556\tALLTOALL\t46362107\t8318830 ALLTOALL\t22014109\t39129841\tALLTOALL\t40504983\t2034\nlayer28\t-1\t10682279\tALLREDUCE\t26016623\t8195617 ALLTOALL\t3970425\t16867930\tALLTOALL\t64173732\t380\nlayer29\t-1\t23071410\tALLTOALL\t35636149\t33502939 ALLREDUCE\t24637553\t36227603\tNONE\t0\t2987\nlayer30\t-1\t41212495\tALLTOALL\t46266193\t15178924 ALLGATHER\t2093524\t17559488\tALLREDUCE\t54476947\t416\nlayer31\t-1\t39241928\tALLGATHER\t9338266\t25822614 ALLGATHER\t12303756\t39174786\tALLTOALL\t22169504\t4926\nlayer32\t-1\t1678011\tALLGATHER\t7938149\t25604264 NONE\t0\t26612388\tALLREDUCE\t1157188\t2111\nlayer33\t-1\t17637195\tALLGATHER\t55578948\t5777321 ALLREDUCE\t16627759\t5347477\tALLGATHER\t11716196\t4196\n'}
